,Matéria orgânica,"Texteis, couros, borracha",Metais,Vidro,Plasticos,Papel e papelão,Embalagens multimarcas,Rejeitos,Outros
0,0.405,0.032,0.013,0.025,0.111,0.14200000000000002,0.014,0.193,0.017
1,0.392,0.030000000000000002,0.014,0.024,0.11499999999999999,0.14100000000000001,0.019,0.21000000000000002,0.018
2,0.411,0.037,0.014,0.029,0.111,0.131,0.019,0.195,0.015
3,0.416,0.034999999999999996,0.012,0.026,0.11199999999999999,0.12,0.017,0.21000000000000002,0.015
4,0.387,0.034,0.016,0.023,0.11399999999999999,0.14100000000000001,0.02,0.21400000000000002,0.017
5,0.422,0.028,0.011,0.025,0.099,0.153,0.015,0.191,0.016
6,0.389,0.043,0.014,0.028,0.11599999999999999,0.131,0.018,0.20500000000000002,0.018
